,dt,count
0,2012-01-01,4
1,2012-01-02,6
2,2012-01-03,6
3,2012-01-04,6
4,2012-01-05,6
5,2012-01-06,6
6,2012-01-07,6
7,2012-01-08,6
8,2012-01-09,6
9,2012-01-10,6
10,2012-01-11,6
11,2012-01-12,6
12,2012-01-13,6
13,2012-01-14,6
14,2012-01-15,6
15,2012-01-16,6
16,2012-01-17,6
17,2012-01-18,6
18,2012-01-19,6
19,2012-01-20,6
20,2012-01-21,6
21,2012-01-22,6
22,2012-01-23,6
23,2012-01-24,6
24,2012-01-25,6
25,2012-01-26,6
26,2012-01-27,6
27,2012-01-28,6
28,2012-01-29,6
29,2012-01-30,6
30,2012-01-31,6
31,2012-02-01,6
32,2012-02-02,6
33,2012-02-03,6
34,2012-02-04,6
35,2012-02-05,6
36,2012-02-06,6
37,2012-02-07,6
38,2012-02-08,6
39,2012-02-09,6
40,2012-02-10,6
41,2012-02-11,6
42,2012-02-12,6
43,2012-02-13,6
44,2012-02-14,6
45,2012-02-15,6
46,2012-02-16,6
47,2012-02-17,6
48,2012-02-18,6
49,2012-02-19,6
50,2012-02-20,6
51,2012-02-21,6
52,2012-02-22,6
53,2012-02-23,6
54,2012-02-24,6
55,2012-02-25,6
56,2012-02-26,6
57,2012-02-27,6
58,2012-02-28,6
59,2012-02-29,6
60,2012-03-01,6
61,2012-03-02,6
62,2012-03-03,6
63,2012-03-04,6
64,2012-03-05,6
65,2012-03-06,6
66,2012-03-07,6
67,2012-03-08,6
68,2012-03-09,6
69,2012-03-10,6
70,2012-03-11,6
71,2012-03-12,6
72,2012-03-13,6
73,2012-03-14,6
74,2012-03-15,6
75,2012-03-16,6
76,2012-03-17,6
77,2012-03-18,6
78,2012-03-19,6
79,2012-03-20,6
80,2012-03-21,6
81,2012-03-22,6
82,2012-03-23,6
83,2012-03-24,6
84,2012-03-25,6
85,2012-03-26,6
86,2012-03-27,6
87,2012-03-28,6
88,2012-03-29,6
89,2012-03-30,6
90,2012-03-31,6
91,2012-04-01,6
92,2012-04-02,6
93,2012-04-03,6
94,2012-04-04,6
95,2012-04-05,6
96,2012-04-06,6
97,2012-04-07,6
98,2012-04-08,6
99,2012-04-09,6
100,2012-04-10,6
101,2012-04-11,6
102,2012-04-12,6
103,2012-04-13,6
104,2012-04-14,6
105,2012-04-15,6
106,2012-04-16,6
107,2012-04-17,6
108,2012-04-18,6
109,2012-04-19,6
110,2012-04-20,6
111,2012-04-21,6
112,2012-04-22,6
113,2012-04-23,6
114,2012-04-24,6
115,2012-04-25,6
116,2012-04-26,6
117,2012-04-27,6
118,2012-04-28,6
119,2012-04-29,6
120,2012-04-30,6
121,2012-05-01,6
122,2012-05-02,6
123,2012-05-03,6
124,2012-05-04,6
125,2012-05-05,6
126,2012-05-06,6
127,2012-05-07,6
128,2012-05-08,6
129,2012-05-09,6
130,2012-05-10,6
131,2012-05-11,6
132,2012-05-12,6
133,2012-05-13,6
134,2012-05-14,6
135,2012-05-15,6
136,2012-05-16,6
137,2012-05-17,6
138,2012-05-18,6
139,2012-05-19,6
140,2012-05-20,6
141,2012-05-21,6
142,2012-05-22,6
143,2012-05-23,6
144,2012-05-24,6
145,2012-05-25,6
146,2012-05-26,6
147,2012-05-27,6
148,2012-05-28,6
149,2012-05-29,6
150,2012-05-30,6
151,2012-05-31,6
152,2012-06-01,6
153,2012-06-02,6
154,2012-06-03,6
155,2012-06-04,6
156,2012-06-05,6
157,2012-06-06,6
158,2012-06-07,6
159,2012-06-08,6
160,2012-06-09,6
161,2012-06-10,6
162,2012-06-11,6
163,2012-06-12,6
164,2012-06-13,6
165,2012-06-14,6
166,2012-06-15,6
167,2012-06-16,6
168,2012-06-17,6
169,2012-06-18,6
170,2012-06-19,6
171,2012-06-20,6
172,2012-06-21,6
173,2012-06-22,6
174,2012-06-23,6
175,2012-06-24,6
176,2012-06-25,6
177,2012-06-26,6
178,2012-06-27,6
179,2012-06-28,6
180,2012-06-29,6
181,2012-06-30,6
182,2012-07-01,8
183,2012-07-02,8
184,2012-07-03,8
185,2012-07-04,8
186,2012-07-05,8
187,2012-07-06,8
188,2012-07-07,8
189,2012-07-08,8
190,2012-07-09,8
191,2012-07-10,8
192,2012-07-11,8
193,2012-07-12,8
194,2012-07-13,8
195,2012-07-14,8
196,2012-07-15,8
197,2012-07-16,8
198,2012-07-17,8
199,2012-07-18,8
200,2012-07-19,8
201,2012-07-20,8
202,2012-07-21,8
203,2012-07-22,8
204,2012-07-23,8
205,2012-07-24,8
206,2012-07-25,8
207,2012-07-26,8
208,2012-07-27,8
209,2012-07-28,8
210,2012-07-29,8
211,2012-07-30,8
212,2012-07-31,8
213,2012-08-01,8
214,2012-08-02,8
215,2012-08-03,8
216,2012-08-04,8
217,2012-08-05,8
218,2012-08-06,8
219,2012-08-07,8
220,2012-08-08,8
221,2012-08-09,8
222,2012-08-10,8
223,2012-08-11,8
224,2012-08-12,8
225,2012-08-13,8
226,2012-08-14,8
227,2012-08-15,8
228,2012-08-16,8
229,2012-08-17,8
230,2012-08-18,8
231,2012-08-19,8
232,2012-08-20,8
233,2012-08-21,8
234,2012-08-22,8
235,2012-08-23,8
236,2012-08-24,8
237,2012-08-25,8
238,2012-08-26,8
239,2012-08-27,8
240,2012-08-28,8
241,2012-08-29,8
242,2012-08-30,8
243,2012-08-31,8
244,2012-09-01,8
245,2012-09-02,8
246,2012-09-03,8
247,2012-09-04,8
248,2012-09-05,8
249,2012-09-06,8
250,2012-09-07,8
251,2012-09-08,8
252,2012-09-09,8
253,2012-09-10,8
254,2012-09-11,8
255,2012-09-12,8
256,2012-09-13,8
257,2012-09-14,8
258,2012-09-15,8
259,2012-09-16,8
260,2012-09-17,8
261,2012-09-18,8
262,2012-09-19,8
263,2012-09-20,8
264,2012-09-21,8
265,2012-09-22,8
266,2012-09-23,8
267,2012-09-24,8
268,2012-09-25,8
269,2012-09-26,8
270,2012-09-27,8
271,2012-09-28,8
272,2012-09-29,8
273,2012-09-30,8
274,2012-10-01,6
275,2012-10-02,6
276,2012-10-03,6
277,2012-10-04,6
278,2012-10-05,6
279,2012-10-06,6
280,2012-10-07,6
281,2012-10-08,6
282,2012-10-09,6
283,2012-10-10,6
284,2012-10-11,6
285,2012-10-12,6
286,2012-10-13,6
287,2012-10-14,6
288,2012-10-15,6
289,2012-10-16,6
290,2012-10-17,6
291,2012-10-18,6
292,2012-10-19,6
293,2012-10-20,6
294,2012-10-21,6
295,2012-10-22,6
296,2012-10-23,6
297,2012-10-24,6
298,2012-10-25,6
299,2012-10-26,6
300,2012-10-27,6
301,2012-10-28,6
302,2012-10-29,6
303,2012-10-30,6
304,2012-10-31,6
305,2012-11-01,6
306,2012-11-02,6
307,2012-11-03,6
308,2012-11-04,6
309,2012-11-05,6
310,2012-11-06,6
311,2012-11-07,6
312,2012-11-08,6
313,2012-11-09,6
314,2012-11-10,6
315,2012-11-11,6
316,2012-11-12,6
317,2012-11-13,6
318,2012-11-14,6
319,2012-11-15,6
320,2012-11-16,6
321,2012-11-17,6
322,2012-11-18,6
323,2012-11-19,6
324,2012-11-20,6
325,2012-11-21,6
326,2012-11-22,6
327,2012-11-23,6
328,2012-11-24,6
329,2012-11-25,6
330,2012-11-26,6
331,2012-11-27,6
332,2012-11-28,6
333,2012-11-29,6
334,2012-11-30,6
335,2012-12-01,6
336,2012-12-02,6
337,2012-12-03,6
338,2012-12-04,6
339,2012-12-05,6
340,2012-12-06,6
341,2012-12-07,6
342,2012-12-08,6
343,2012-12-09,6
344,2012-12-10,6
345,2012-12-11,6
346,2012-12-12,6
347,2012-12-13,6
348,2012-12-14,6
349,2012-12-15,6
350,2012-12-16,6
351,2012-12-17,6
352,2012-12-18,6
353,2012-12-19,6
354,2012-12-20,6
355,2012-12-21,6
356,2012-12-22,6
357,2012-12-23,6
358,2012-12-24,6
359,2012-12-25,6
360,2012-12-26,6
361,2012-12-27,6
362,2012-12-28,6
363,2012-12-29,6
364,2012-12-30,6
365,2012-12-31,6
366,2013-01-01,11
367,2013-01-02,11
368,2013-01-03,11
369,2013-01-04,11
370,2013-01-05,11
371,2013-01-06,11
372,2013-01-07,11
373,2013-01-08,11
374,2013-01-09,11
375,2013-01-10,11
376,2013-01-11,11
377,2013-01-12,11
378,2013-01-13,11
379,2013-01-14,11
380,2013-01-15,11
381,2013-01-16,11
382,2013-01-17,11
383,2013-01-18,11
384,2013-01-19,11
385,2013-01-20,11
386,2013-01-21,11
387,2013-01-22,11
388,2013-01-23,11
389,2013-01-24,11
390,2013-01-25,11
391,2013-01-26,11
392,2013-01-27,11
393,2013-01-28,11
394,2013-01-29,11
395,2013-01-30,11
396,2013-01-31,11
397,2013-02-01,11
398,2013-02-02,11
399,2013-02-03,11
400,2013-02-04,11
401,2013-02-05,11
402,2013-02-06,11
403,2013-02-07,11
404,2013-02-08,11
405,2013-02-09,11
406,2013-02-10,11
407,2013-02-11,11
408,2013-02-12,11
409,2013-02-13,11
410,2013-02-14,11
411,2013-02-15,11
412,2013-02-16,11
413,2013-02-17,11
414,2013-02-18,11
415,2013-02-19,11
416,2013-02-20,11
417,2013-02-21,11
418,2013-02-22,11
419,2013-02-23,11
420,2013-02-24,11
421,2013-02-25,11
422,2013-02-26,11
423,2013-02-27,11
424,2013-02-28,11
425,2013-03-01,11
426,2013-03-02,11
427,2013-03-03,11
428,2013-03-04,11
429,2013-03-05,11
430,2013-03-06,11
431,2013-03-07,11
432,2013-03-08,11
433,2013-03-09,11
434,2013-03-10,11
435,2013-03-11,11
436,2013-03-12,11
437,2013-03-13,11
438,2013-03-14,11
439,2013-03-15,11
440,2013-03-16,11
441,2013-03-17,11
442,2013-03-18,11
443,2013-03-19,11
444,2013-03-20,11
445,2013-03-21,11
446,2013-03-22,11
447,2013-03-23,11
448,2013-03-24,11
449,2013-03-25,11
450,2013-03-26,11
451,2013-03-27,11
452,2013-03-28,11
453,2013-03-29,11
454,2013-03-30,11
455,2013-03-31,11
456,2013-04-01,13
457,2013-04-02,13
458,2013-04-03,13
459,2013-04-04,13
460,2013-04-05,13
461,2013-04-06,13
462,2013-04-07,13
463,2013-04-08,13
464,2013-04-09,13
465,2013-04-10,13
466,2013-04-11,13
467,2013-04-12,13
468,2013-04-13,13
469,2013-04-14,13
470,2013-04-15,13
471,2013-04-16,13
472,2013-04-17,13
473,2013-04-18,13
474,2013-04-19,13
475,2013-04-20,13
476,2013-04-21,13
477,2013-04-22,13
478,2013-04-23,13
479,2013-04-24,13
480,2013-04-25,13
481,2013-04-26,13
482,2013-04-27,13
483,2013-04-28,13
484,2013-04-29,13
485,2013-04-30,13
486,2013-05-01,13
487,2013-05-02,13
488,2013-05-03,13
489,2013-05-04,13
490,2013-05-05,13
491,2013-05-06,13
492,2013-05-07,13
493,2013-05-08,13
494,2013-05-09,13
495,2013-05-10,13
496,2013-05-11,13
497,2013-05-12,13
498,2013-05-13,13
499,2013-05-14,13
500,2013-05-15,13
501,2013-05-16,13
502,2013-05-17,13
503,2013-05-18,13
504,2013-05-19,13
505,2013-05-20,13
506,2013-05-21,13
507,2013-05-22,13
508,2013-05-23,13
509,2013-05-24,13
510,2013-05-25,13
511,2013-05-26,13
512,2013-05-27,13
513,2013-05-28,13
514,2013-05-29,13
515,2013-05-30,13
516,2013-05-31,13
517,2013-06-01,13
518,2013-06-02,13
519,2013-06-03,13
520,2013-06-04,13
521,2013-06-05,13
522,2013-06-06,13
523,2013-06-07,13
524,2013-06-08,13
525,2013-06-09,13
526,2013-06-10,13
527,2013-06-11,13
528,2013-06-12,13
529,2013-06-13,13
530,2013-06-14,13
531,2013-06-15,13
532,2013-06-16,13
533,2013-06-17,13
534,2013-06-18,13
535,2013-06-19,13
536,2013-06-20,13
537,2013-06-21,13
538,2013-06-22,13
539,2013-06-23,13
540,2013-06-24,13
541,2013-06-25,13
542,2013-06-26,13
543,2013-06-27,13
544,2013-06-28,13
545,2013-06-29,13
546,2013-06-30,13
547,2013-07-01,11
548,2013-07-02,11
549,2013-07-03,11
550,2013-07-04,11
551,2013-07-05,11
552,2013-07-06,11
553,2013-07-07,11
554,2013-07-08,11
555,2013-07-09,11
556,2013-07-10,11
557,2013-07-11,11
558,2013-07-12,11
559,2013-07-13,11
560,2013-07-14,11
561,2013-07-15,11
562,2013-07-16,11
563,2013-07-17,11
564,2013-07-18,11
565,2013-07-19,11
566,2013-07-20,11
567,2013-07-21,11
568,2013-07-22,11
569,2013-07-23,11
570,2013-07-24,11
571,2013-07-25,11
572,2013-07-26,11
573,2013-07-27,11
574,2013-07-28,11
575,2013-07-29,11
576,2013-07-30,11
577,2013-07-31,11
578,2013-08-01,11
579,2013-08-02,11
580,2013-08-03,11
581,2013-08-04,11
582,2013-08-05,11
583,2013-08-06,11
584,2013-08-07,11
585,2013-08-08,11
586,2013-08-09,11
587,2013-08-10,11
588,2013-08-11,11
589,2013-08-12,11
590,2013-08-13,11
591,2013-08-14,11
592,2013-08-15,11
593,2013-08-16,11
594,2013-08-17,11
595,2013-08-18,11
596,2013-08-19,11
597,2013-08-20,11
598,2013-08-21,11
599,2013-08-22,11
600,2013-08-23,11
601,2013-08-24,11
602,2013-08-25,11
603,2013-08-26,11
604,2013-08-27,11
605,2013-08-28,11
606,2013-08-29,11
607,2013-08-30,11
608,2013-08-31,11
609,2013-09-01,11
610,2013-09-02,11
611,2013-09-03,11
612,2013-09-04,11
613,2013-09-05,11
614,2013-09-06,11
615,2013-09-07,11
616,2013-09-08,11
617,2013-09-09,11
618,2013-09-10,11
619,2013-09-11,11
620,2013-09-12,11
621,2013-09-13,11
622,2013-09-14,11
623,2013-09-15,11
624,2013-09-16,11
625,2013-09-17,11
626,2013-09-18,11
627,2013-09-19,11
628,2013-09-20,11
629,2013-09-21,11
630,2013-09-22,11
631,2013-09-23,11
632,2013-09-24,11
633,2013-09-25,11
634,2013-09-26,11
635,2013-09-27,11
636,2013-09-28,11
637,2013-09-29,11
638,2013-09-30,11
639,2013-10-01,11
640,2013-10-02,11
641,2013-10-03,11
642,2013-10-04,11
643,2013-10-05,11
644,2013-10-06,11
645,2013-10-07,11
646,2013-10-08,11
647,2013-10-09,11
648,2013-10-10,11
649,2013-10-11,11
650,2013-10-12,11
651,2013-10-13,11
652,2013-10-14,11
653,2013-10-15,11
654,2013-10-16,11
655,2013-10-17,11
656,2013-10-18,11
657,2013-10-19,11
658,2013-10-20,11
659,2013-10-21,11
660,2013-10-22,11
661,2013-10-23,11
662,2013-10-24,11
663,2013-10-25,11
664,2013-10-26,11
665,2013-10-27,11
666,2013-10-28,11
667,2013-10-29,11
668,2013-10-30,11
669,2013-10-31,11
670,2013-11-01,11
671,2013-11-02,11
672,2013-11-03,11
673,2013-11-04,11
674,2013-11-05,11
675,2013-11-06,11
676,2013-11-07,11
677,2013-11-08,11
678,2013-11-09,11
679,2013-11-10,11
680,2013-11-11,11
681,2013-11-12,11
682,2013-11-13,11
683,2013-11-14,11
684,2013-11-15,11
685,2013-11-16,11
686,2013-11-17,11
687,2013-11-18,11
688,2013-11-19,11
689,2013-11-20,11
690,2013-11-21,11
691,2013-11-22,11
692,2013-11-23,11
693,2013-11-24,11
694,2013-11-25,11
695,2013-11-26,11
696,2013-11-27,11
697,2013-11-28,11
698,2013-11-29,11
699,2013-11-30,11
700,2013-12-01,11
701,2013-12-02,11
702,2013-12-03,11
703,2013-12-04,11
704,2013-12-05,11
705,2013-12-06,11
706,2013-12-07,11
707,2013-12-08,11
708,2013-12-09,11
709,2013-12-10,11
710,2013-12-11,11
711,2013-12-12,11
712,2013-12-13,11
713,2013-12-14,11
714,2013-12-15,11
715,2013-12-16,11
716,2013-12-17,11
717,2013-12-18,11
718,2013-12-19,11
719,2013-12-20,11
720,2013-12-21,11
721,2013-12-22,11
722,2013-12-23,11
723,2013-12-24,11
724,2013-12-25,11
725,2013-12-26,11
726,2013-12-27,11
727,2013-12-28,11
728,2013-12-29,11
729,2013-12-30,11
730,2013-12-31,11
731,2014-01-01,11
732,2014-01-02,11
733,2014-01-03,11
734,2014-01-04,11
735,2014-01-05,11
736,2014-01-06,11
737,2014-01-07,11
738,2014-01-08,11
739,2014-01-09,11
740,2014-01-10,11
741,2014-01-11,11
742,2014-01-12,11
743,2014-01-13,11
744,2014-01-14,11
745,2014-01-15,11
746,2014-01-16,11
747,2014-01-17,11
748,2014-01-18,11
749,2014-01-19,11
750,2014-01-20,11
751,2014-01-21,11
752,2014-01-22,11
753,2014-01-23,11
754,2014-01-24,11
755,2014-01-25,11
756,2014-01-26,11
757,2014-01-27,11
758,2014-01-28,11
759,2014-01-29,11
760,2014-01-30,11
761,2014-01-31,11
762,2014-02-01,11
763,2014-02-02,11
764,2014-02-03,11
765,2014-02-04,11
766,2014-02-05,11
767,2014-02-06,11
768,2014-02-07,11
769,2014-02-08,11
770,2014-02-09,11
771,2014-02-10,11
772,2014-02-11,11
773,2014-02-12,11
774,2014-02-13,11
775,2014-02-14,11
776,2014-02-15,11
777,2014-02-16,11
778,2014-02-17,11
779,2014-02-18,11
780,2014-02-19,11
781,2014-02-20,11
782,2014-02-21,11
783,2014-02-22,11
784,2014-02-23,11
785,2014-02-24,11
786,2014-02-25,11
787,2014-02-26,11
788,2014-02-27,11
789,2014-02-28,11
790,2014-03-01,11
791,2014-03-02,11
792,2014-03-03,11
793,2014-03-04,11
794,2014-03-05,11
795,2014-03-06,11
796,2014-03-07,11
797,2014-03-08,11
798,2014-03-09,11
799,2014-03-10,11
800,2014-03-11,11
801,2014-03-12,11
802,2014-03-13,11
803,2014-03-14,11
804,2014-03-15,11
805,2014-03-16,11
806,2014-03-17,11
807,2014-03-18,11
808,2014-03-19,11
809,2014-03-20,11
810,2014-03-21,11
811,2014-03-22,11
812,2014-03-23,11
813,2014-03-24,11
814,2014-03-25,11
815,2014-03-26,11
816,2014-03-27,11
817,2014-03-28,11
818,2014-03-29,11
819,2014-03-30,11
820,2014-03-31,11
821,2014-04-01,4
822,2014-04-02,4
823,2014-04-03,4
824,2014-04-04,4
825,2014-04-05,4
826,2014-04-06,4
827,2014-04-07,4
828,2014-04-08,4
829,2014-04-09,4
830,2014-04-10,4
831,2014-04-11,4
832,2014-04-12,4
833,2014-04-13,4
834,2014-04-14,4
835,2014-04-15,4
836,2014-04-16,4
837,2014-04-17,4
838,2014-04-18,4
839,2014-04-19,4
840,2014-04-20,4
841,2014-04-21,4
842,2014-04-22,4
843,2014-04-23,4
844,2014-04-24,4
845,2014-04-25,4
846,2014-04-26,4
847,2014-04-27,4
848,2014-04-28,4
849,2014-04-29,4
850,2014-04-30,4
851,2014-05-01,5
852,2014-05-02,5
853,2014-05-03,5
854,2014-05-04,5
855,2014-05-05,5
856,2014-05-06,5
857,2014-05-07,5
858,2014-05-08,5
859,2014-05-09,5
860,2014-05-10,5
861,2014-05-11,5
862,2014-05-12,5
863,2014-05-13,5
864,2014-05-14,5
865,2014-05-15,5
866,2014-05-16,5
867,2014-05-17,5
868,2014-05-18,5
869,2014-05-19,5
870,2014-05-20,5
871,2014-05-21,5
872,2014-05-22,5
873,2014-05-23,5
874,2014-05-24,5
875,2014-05-25,5
876,2014-05-26,5
877,2014-05-27,5
878,2014-05-28,5
879,2014-05-29,5
880,2014-05-30,5
881,2014-05-31,5
882,2014-06-01,4
883,2014-06-02,4
884,2014-06-03,4
885,2014-06-04,4
886,2014-06-05,4
887,2014-06-06,4
888,2014-06-07,4
889,2014-06-08,4
890,2014-06-09,4
891,2014-06-10,4
892,2014-06-11,4
893,2014-06-12,4
894,2014-06-13,4
895,2014-06-14,4
896,2014-06-15,4
897,2014-06-16,4
898,2014-06-17,4
899,2014-06-18,4
900,2014-06-19,4
901,2014-06-20,4
902,2014-06-21,4
903,2014-06-22,4
904,2014-06-23,4
905,2014-06-24,4
906,2014-06-25,4
907,2014-06-26,4
908,2014-06-27,4
909,2014-06-28,4
910,2014-06-29,4
911,2014-06-30,4
912,2014-07-01,2
913,2014-07-02,2
914,2014-07-03,2
915,2014-07-04,2
916,2014-07-05,2
917,2014-07-06,2
918,2014-07-07,2
919,2014-07-08,2
920,2014-07-09,2
921,2014-07-10,2
922,2014-07-11,2
923,2014-07-12,2
924,2014-07-13,2
925,2014-07-14,2
926,2014-07-15,2
927,2014-07-16,2
928,2014-07-17,2
929,2014-07-18,2
930,2014-07-19,2
931,2014-07-20,2
932,2014-07-21,2
933,2014-07-22,2
934,2014-07-23,2
935,2014-07-24,2
936,2014-07-25,2
937,2014-07-26,2
938,2014-07-27,2
939,2014-07-28,2
940,2014-07-29,2
941,2014-07-30,2
942,2014-07-31,2
943,2014-08-01,2
944,2014-08-02,2
945,2014-08-03,2
946,2014-08-04,2
947,2014-08-05,2
948,2014-08-06,2
949,2014-08-07,2
950,2014-08-08,2
951,2014-08-09,2
952,2014-08-10,2
953,2014-08-11,2
954,2014-08-12,2
955,2014-08-13,2
956,2014-08-14,2
957,2014-08-15,2
958,2014-08-16,2
959,2014-08-17,2
960,2014-08-18,2
961,2014-08-19,2
962,2014-08-20,2
963,2014-08-21,2
964,2014-08-22,2
965,2014-08-23,2
966,2014-08-24,2
967,2014-08-25,2
968,2014-08-26,2
969,2014-08-27,2
970,2014-08-28,2
971,2014-08-29,2
972,2014-08-30,2
973,2014-08-31,2
974,2014-09-01,2
975,2014-09-02,2
976,2014-09-03,2
977,2014-09-04,2
978,2014-09-05,2
979,2014-09-06,2
980,2014-09-07,2
981,2014-09-08,2
982,2014-09-09,2
983,2014-09-10,2
984,2014-09-11,2
985,2014-09-12,2
986,2014-09-13,2
987,2014-09-14,2
988,2014-09-15,2
989,2014-09-16,2
990,2014-09-17,2
991,2014-09-18,2
992,2014-09-19,2
993,2014-09-20,2
994,2014-09-21,2
995,2014-09-22,2
996,2014-09-23,2
997,2014-09-24,2
998,2014-09-25,2
999,2014-09-26,2
1000,2014-09-27,2
1001,2014-09-28,2
1002,2014-09-29,2
1003,2014-09-30,2
1004,2014-10-01,2
1005,2014-10-02,2
1006,2014-10-03,2
1007,2014-10-04,2
1008,2014-10-05,2
1009,2014-10-06,2
1010,2014-10-07,2
1011,2014-10-08,2
1012,2014-10-09,2
1013,2014-10-10,2
1014,2014-10-11,2
1015,2014-10-12,2
1016,2014-10-13,2
1017,2014-10-14,2
1018,2014-10-15,2
1019,2014-10-16,2
1020,2014-10-17,2
1021,2014-10-18,2
1022,2014-10-19,2
1023,2014-10-20,2
1024,2014-10-21,2
1025,2014-10-22,2
1026,2014-10-23,2
1027,2014-10-24,2
1028,2014-10-25,2
1029,2014-10-26,2
1030,2014-10-27,2
1031,2014-10-28,2
1032,2014-10-29,2
1033,2014-10-30,2
1034,2014-10-31,2
1035,2014-11-01,2
1036,2014-11-02,2
1037,2014-11-03,2
1038,2014-11-04,2
1039,2014-11-05,2
1040,2014-11-06,2
1041,2014-11-07,2
1042,2014-11-08,2
1043,2014-11-09,2
1044,2014-11-10,2
1045,2014-11-11,2
1046,2014-11-12,2
1047,2014-11-13,2
1048,2014-11-14,2
1049,2014-11-15,2
1050,2014-11-16,2
1051,2014-11-17,2
1052,2014-11-18,2
1053,2014-11-19,2
1054,2014-11-20,2
1055,2014-11-21,2
1056,2014-11-22,2
1057,2014-11-23,2
1058,2014-11-24,2
1059,2014-11-25,2
1060,2014-11-26,2
1061,2014-11-27,2
1062,2014-11-28,2
1063,2014-11-29,2
1064,2014-11-30,2
1065,2014-12-01,2
1066,2014-12-02,2
1067,2014-12-03,2
1068,2014-12-04,2
1069,2014-12-05,2
1070,2014-12-06,2
1071,2014-12-07,2
1072,2014-12-08,2
1073,2014-12-09,2
1074,2014-12-10,2
1075,2014-12-11,2
1076,2014-12-12,2
1077,2014-12-13,2
1078,2014-12-14,2
1079,2014-12-15,2
1080,2014-12-16,2
1081,2014-12-17,2
1082,2014-12-18,2
1083,2014-12-19,2
1084,2014-12-20,2
1085,2014-12-21,2
1086,2014-12-22,2
1087,2014-12-23,2
1088,2014-12-24,2
1089,2014-12-25,2
1090,2014-12-26,2
1091,2014-12-27,2
1092,2014-12-28,2
1093,2014-12-29,2
1094,2014-12-30,2
1095,2014-12-31,2
1096,2015-01-01,3
1097,2015-01-02,3
1098,2015-01-03,3
1099,2015-01-04,3
1100,2015-01-05,3
1101,2015-01-06,3
1102,2015-01-07,3
1103,2015-01-08,3
1104,2015-01-09,3
1105,2015-01-10,3
1106,2015-01-11,3
1107,2015-01-12,3
1108,2015-01-13,3
1109,2015-01-14,3
1110,2015-01-15,3
1111,2015-01-16,3
1112,2015-01-17,3
1113,2015-01-18,3
1114,2015-01-19,3
1115,2015-01-20,3
1116,2015-01-21,3
1117,2015-01-22,3
1118,2015-01-23,3
1119,2015-01-24,3
1120,2015-01-25,3
1121,2015-01-26,3
1122,2015-01-27,3
1123,2015-01-28,3
1124,2015-01-29,3
1125,2015-01-30,3
1126,2015-01-31,3
1127,2015-02-01,3
1128,2015-02-02,3
1129,2015-02-03,3
1130,2015-02-04,3
1131,2015-02-05,3
1132,2015-02-06,3
1133,2015-02-07,3
1134,2015-02-08,3
1135,2015-02-09,3
1136,2015-02-10,3
1137,2015-02-11,3
1138,2015-02-12,3
1139,2015-02-13,3
1140,2015-02-14,3
1141,2015-02-15,3
1142,2015-02-16,3
1143,2015-02-17,3
1144,2015-02-18,3
1145,2015-02-19,3
1146,2015-02-20,3
1147,2015-02-21,3
1148,2015-02-22,3
1149,2015-02-23,3
1150,2015-02-24,3
1151,2015-02-25,3
1152,2015-02-26,3
1153,2015-02-27,3
1154,2015-02-28,3
1155,2015-03-01,3
1156,2015-03-02,3
1157,2015-03-03,3
1158,2015-03-04,3
1159,2015-03-05,3
1160,2015-03-06,3
1161,2015-03-07,3
1162,2015-03-08,3
1163,2015-03-09,3
1164,2015-03-10,3
1165,2015-03-11,3
1166,2015-03-12,3
1167,2015-03-13,3
1168,2015-03-14,3
1169,2015-03-15,3
1170,2015-03-16,3
1171,2015-03-17,3
1172,2015-03-18,3
1173,2015-03-19,3
1174,2015-03-20,3
1175,2015-03-21,3
1176,2015-03-22,3
1177,2015-03-23,3
1178,2015-03-24,3
1179,2015-03-25,3
1180,2015-03-26,3
1181,2015-03-27,3
1182,2015-03-28,3
1183,2015-03-29,3
1184,2015-03-30,3
1185,2015-03-31,3
1186,2015-04-01,3
1187,2015-04-02,3
1188,2015-04-03,3
1189,2015-04-04,3
1190,2015-04-05,3
1191,2015-04-06,3
1192,2015-04-07,3
1193,2015-04-08,3
1194,2015-04-09,3
1195,2015-04-10,3
1196,2015-04-11,3
1197,2015-04-12,3
1198,2015-04-13,3
1199,2015-04-14,3
1200,2015-04-15,3
1201,2015-04-16,3
1202,2015-04-17,3
1203,2015-04-18,3
1204,2015-04-19,3
1205,2015-04-20,3
1206,2015-04-21,3
1207,2015-04-22,3
1208,2015-04-23,3
1209,2015-04-24,3
1210,2015-04-25,3
1211,2015-04-26,3
1212,2015-04-27,3
1213,2015-04-28,3
1214,2015-04-29,3
1215,2015-04-30,3
1216,2015-05-01,3
1217,2015-05-02,3
1218,2015-05-03,3
1219,2015-05-04,3
1220,2015-05-05,3
1221,2015-05-06,3
1222,2015-05-07,3
1223,2015-05-08,3
1224,2015-05-09,3
1225,2015-05-10,3
1226,2015-05-11,3
1227,2015-05-12,3
1228,2015-05-13,3
1229,2015-05-14,3
1230,2015-05-15,3
1231,2015-05-16,3
1232,2015-05-17,3
1233,2015-05-18,3
1234,2015-05-19,3
1235,2015-05-20,3
1236,2015-05-21,3
1237,2015-05-22,3
1238,2015-05-23,3
1239,2015-05-24,3
1240,2015-05-25,3
1241,2015-05-26,3
1242,2015-05-27,3
1243,2015-05-28,3
1244,2015-05-29,3
1245,2015-05-30,3
1246,2015-05-31,3
1247,2015-06-01,3
1248,2015-06-02,3
1249,2015-06-03,3
1250,2015-06-04,3
1251,2015-06-05,3
1252,2015-06-06,3
1253,2015-06-07,3
1254,2015-06-08,3
1255,2015-06-09,3
1256,2015-06-10,3
1257,2015-06-11,3
1258,2015-06-12,3
1259,2015-06-13,3
1260,2015-06-14,3
1261,2015-06-15,3
1262,2015-06-16,3
1263,2015-06-17,3
1264,2015-06-18,3
1265,2015-06-19,3
1266,2015-06-20,3
1267,2015-06-21,3
1268,2015-06-22,3
1269,2015-06-23,3
1270,2015-06-24,3
1271,2015-06-25,3
1272,2015-06-26,3
1273,2015-06-27,3
1274,2015-06-28,3
1275,2015-06-29,3
1276,2015-06-30,3
1277,2015-07-01,5
1278,2015-07-02,5
1279,2015-07-03,5
1280,2015-07-04,5
1281,2015-07-05,5
1282,2015-07-06,5
1283,2015-07-07,5
1284,2015-07-08,5
1285,2015-07-09,5
1286,2015-07-10,5
1287,2015-07-11,5
1288,2015-07-12,5
1289,2015-07-13,5
1290,2015-07-14,5
1291,2015-07-15,5
1292,2015-07-16,5
1293,2015-07-17,5
1294,2015-07-18,5
1295,2015-07-19,5
1296,2015-07-20,5
1297,2015-07-21,5
1298,2015-07-22,5
1299,2015-07-23,5
1300,2015-07-24,5
1301,2015-07-25,5
1302,2015-07-26,5
1303,2015-07-27,5
1304,2015-07-28,5
1305,2015-07-29,5
1306,2015-07-30,5
1307,2015-07-31,5
1308,2015-08-01,5
1309,2015-08-02,5
1310,2015-08-03,5
1311,2015-08-04,5
1312,2015-08-05,5
1313,2015-08-06,5
1314,2015-08-07,5
1315,2015-08-08,5
1316,2015-08-09,5
1317,2015-08-10,5
1318,2015-08-11,5
1319,2015-08-12,5
1320,2015-08-13,5
1321,2015-08-14,5
1322,2015-08-15,5
1323,2015-08-16,5
1324,2015-08-17,5
1325,2015-08-18,5
1326,2015-08-19,5
1327,2015-08-20,5
1328,2015-08-21,5
1329,2015-08-22,5
1330,2015-08-23,5
1331,2015-08-24,5
1332,2015-08-25,5
1333,2015-08-26,5
1334,2015-08-27,5
1335,2015-08-28,5
1336,2015-08-29,5
1337,2015-08-30,5
1338,2015-08-31,5
1339,2015-09-01,5
1340,2015-09-02,5
1341,2015-09-03,5
1342,2015-09-04,5
1343,2015-09-05,5
1344,2015-09-06,5
1345,2015-09-07,5
1346,2015-09-08,5
1347,2015-09-09,5
1348,2015-09-10,5
1349,2015-09-11,5
1350,2015-09-12,5
1351,2015-09-13,5
1352,2015-09-14,5
1353,2015-09-15,5
1354,2015-09-16,5
1355,2015-09-17,5
1356,2015-09-18,5
1357,2015-09-19,5
1358,2015-09-20,5
1359,2015-09-21,5
1360,2015-09-22,5
1361,2015-09-23,5
1362,2015-09-24,5
1363,2015-09-25,5
1364,2015-09-26,5
1365,2015-09-27,5
1366,2015-09-28,5
1367,2015-09-29,5
1368,2015-09-30,5
1369,2015-10-01,5
1370,2015-10-02,5
1371,2015-10-03,5
1372,2015-10-04,5
1373,2015-10-05,5
1374,2015-10-06,5
1375,2015-10-07,5
1376,2015-10-08,5
1377,2015-10-09,5
1378,2015-10-10,5
1379,2015-10-11,5
1380,2015-10-12,5
1381,2015-10-13,5
1382,2015-10-14,5
1383,2015-10-15,5
1384,2015-10-16,5
1385,2015-10-17,5
1386,2015-10-18,5
1387,2015-10-19,5
1388,2015-10-20,5
1389,2015-10-21,5
1390,2015-10-22,5
1391,2015-10-23,5
1392,2015-10-24,5
1393,2015-10-25,5
1394,2015-10-26,5
1395,2015-10-27,5
1396,2015-10-28,5
1397,2015-10-29,5
1398,2015-10-30,5
1399,2015-10-31,5
1400,2015-11-01,5
1401,2015-11-02,5
1402,2015-11-03,5
1403,2015-11-04,5
1404,2015-11-05,5
1405,2015-11-06,5
1406,2015-11-07,5
1407,2015-11-08,5
1408,2015-11-09,5
1409,2015-11-10,5
1410,2015-11-11,5
1411,2015-11-12,5
1412,2015-11-13,5
1413,2015-11-14,5
1414,2015-11-15,5
1415,2015-11-16,5
1416,2015-11-17,5
1417,2015-11-18,5
1418,2015-11-19,5
1419,2015-11-20,5
1420,2015-11-21,5
1421,2015-11-22,5
1422,2015-11-23,5
1423,2015-11-24,5
1424,2015-11-25,5
1425,2015-11-26,5
1426,2015-11-27,5
1427,2015-11-28,5
1428,2015-11-29,5
1429,2015-11-30,5
1430,2015-12-01,5
1431,2015-12-02,5
1432,2015-12-03,5
1433,2015-12-04,5
1434,2015-12-05,5
1435,2015-12-06,5
1436,2015-12-07,5
1437,2015-12-08,5
1438,2015-12-09,5
1439,2015-12-10,5
1440,2015-12-11,5
1441,2015-12-12,5
1442,2015-12-13,5
1443,2015-12-14,5
1444,2015-12-15,5
1445,2015-12-16,5
1446,2015-12-17,5
1447,2015-12-18,5
1448,2015-12-19,5
1449,2015-12-20,5
1450,2015-12-21,5
1451,2015-12-22,5
1452,2015-12-23,5
1453,2015-12-24,5
1454,2015-12-25,5
1455,2015-12-26,5
1456,2015-12-27,5
1457,2015-12-28,5
1458,2015-12-29,5
1459,2015-12-30,5
1460,2015-12-31,5
1461,2016-01-01,8
1462,2016-01-02,8
1463,2016-01-03,8
1464,2016-01-04,8
1465,2016-01-05,8
1466,2016-01-06,8
1467,2016-01-07,8
1468,2016-01-08,8
1469,2016-01-09,8
1470,2016-01-10,8
1471,2016-01-11,8
1472,2016-01-12,8
1473,2016-01-13,8
1474,2016-01-14,8
1475,2016-01-15,8
1476,2016-01-16,8
1477,2016-01-17,8
1478,2016-01-18,8
1479,2016-01-19,8
1480,2016-01-20,8
1481,2016-01-21,8
1482,2016-01-22,8
1483,2016-01-23,8
1484,2016-01-24,8
1485,2016-01-25,8
1486,2016-01-26,8
1487,2016-01-27,8
1488,2016-01-28,8
1489,2016-01-29,8
1490,2016-01-30,8
1491,2016-01-31,8
1492,2016-02-01,8
1493,2016-02-02,8
1494,2016-02-03,8
1495,2016-02-04,8
1496,2016-02-05,8
1497,2016-02-06,8
1498,2016-02-07,8
1499,2016-02-08,8
1500,2016-02-09,8
1501,2016-02-10,8
1502,2016-02-11,8
1503,2016-02-12,8
1504,2016-02-13,8
1505,2016-02-14,8
1506,2016-02-15,8
1507,2016-02-16,8
1508,2016-02-17,8
1509,2016-02-18,8
1510,2016-02-19,8
1511,2016-02-20,8
1512,2016-02-21,8
1513,2016-02-22,8
1514,2016-02-23,8
1515,2016-02-24,8
1516,2016-02-25,8
1517,2016-02-26,8
1518,2016-02-27,8
1519,2016-02-28,8
1520,2016-02-29,8
1521,2016-03-01,8
1522,2016-03-02,8
1523,2016-03-03,8
1524,2016-03-04,8
1525,2016-03-05,8
1526,2016-03-06,8
1527,2016-03-07,8
1528,2016-03-08,8
1529,2016-03-09,8
1530,2016-03-10,8
1531,2016-03-11,8
1532,2016-03-12,8
1533,2016-03-13,8
1534,2016-03-14,8
1535,2016-03-15,8
1536,2016-03-16,8
1537,2016-03-17,8
1538,2016-03-18,8
1539,2016-03-19,8
1540,2016-03-20,8
1541,2016-03-21,8
1542,2016-03-22,8
1543,2016-03-23,8
1544,2016-03-24,8
1545,2016-03-25,8
1546,2016-03-26,8
1547,2016-03-27,8
1548,2016-03-28,8
1549,2016-03-29,8
1550,2016-03-30,8
1551,2016-03-31,8
1552,2016-04-01,7
1553,2016-04-02,7
1554,2016-04-03,7
1555,2016-04-04,7
1556,2016-04-05,7
1557,2016-04-06,7
1558,2016-04-07,7
1559,2016-04-08,7
1560,2016-04-09,7
1561,2016-04-10,7
1562,2016-04-11,7
1563,2016-04-12,7
1564,2016-04-13,7
1565,2016-04-14,7
1566,2016-04-15,7
1567,2016-04-16,7
1568,2016-04-17,7
1569,2016-04-18,7
1570,2016-04-19,7
1571,2016-04-20,7
1572,2016-04-21,7
1573,2016-04-22,7
1574,2016-04-23,7
1575,2016-04-24,7
1576,2016-04-25,7
1577,2016-04-26,7
1578,2016-04-27,7
1579,2016-04-28,7
1580,2016-04-29,7
1581,2016-04-30,7
1582,2016-05-01,7
1583,2016-05-02,7
1584,2016-05-03,7
1585,2016-05-04,7
1586,2016-05-05,7
1587,2016-05-06,7
1588,2016-05-07,7
1589,2016-05-08,7
1590,2016-05-09,7
1591,2016-05-10,7
1592,2016-05-11,7
1593,2016-05-12,7
1594,2016-05-13,7
1595,2016-05-14,7
1596,2016-05-15,7
1597,2016-05-16,7
1598,2016-05-17,7
1599,2016-05-18,7
1600,2016-05-19,7
1601,2016-05-20,7
1602,2016-05-21,7
1603,2016-05-22,7
1604,2016-05-23,7
1605,2016-05-24,7
1606,2016-05-25,7
1607,2016-05-26,7
1608,2016-05-27,7
1609,2016-05-28,7
1610,2016-05-29,7
1611,2016-05-30,7
1612,2016-05-31,7
1613,2016-06-01,7
1614,2016-06-02,7
1615,2016-06-03,7
1616,2016-06-04,7
1617,2016-06-05,7
1618,2016-06-06,7
1619,2016-06-07,7
1620,2016-06-08,7
1621,2016-06-09,7
1622,2016-06-10,7
1623,2016-06-11,7
1624,2016-06-12,7
1625,2016-06-13,7
1626,2016-06-14,7
1627,2016-06-15,7
1628,2016-06-16,7
1629,2016-06-17,7
1630,2016-06-18,7
1631,2016-06-19,7
1632,2016-06-20,7
1633,2016-06-21,7
1634,2016-06-22,7
1635,2016-06-23,7
1636,2016-06-24,7
1637,2016-06-25,7
1638,2016-06-26,7
1639,2016-06-27,7
1640,2016-06-28,7
1641,2016-06-29,7
1642,2016-06-30,7
1643,2016-07-01,7
1644,2016-07-02,7
1645,2016-07-03,7
1646,2016-07-04,7
1647,2016-07-05,7
1648,2016-07-06,7
1649,2016-07-07,7
1650,2016-07-08,7
1651,2016-07-09,7
1652,2016-07-10,7
1653,2016-07-11,7
1654,2016-07-12,7
1655,2016-07-13,7
1656,2016-07-14,7
1657,2016-07-15,7
1658,2016-07-16,7
1659,2016-07-17,7
1660,2016-07-18,7
1661,2016-07-19,7
1662,2016-07-20,7
1663,2016-07-21,7
1664,2016-07-22,7
1665,2016-07-23,7
1666,2016-07-24,7
1667,2016-07-25,7
1668,2016-07-26,7
1669,2016-07-27,7
1670,2016-07-28,7
1671,2016-07-29,7
1672,2016-07-30,7
1673,2016-07-31,7
1674,2016-08-01,7
1675,2016-08-02,7
1676,2016-08-03,7
1677,2016-08-04,7
1678,2016-08-05,7
1679,2016-08-06,7
1680,2016-08-07,7
1681,2016-08-08,7
1682,2016-08-09,7
1683,2016-08-10,7
1684,2016-08-11,7
1685,2016-08-12,7
1686,2016-08-13,7
1687,2016-08-14,7
1688,2016-08-15,7
1689,2016-08-16,7
1690,2016-08-17,7
1691,2016-08-18,7
1692,2016-08-19,7
1693,2016-08-20,7
1694,2016-08-21,7
1695,2016-08-22,7
1696,2016-08-23,7
1697,2016-08-24,7
1698,2016-08-25,7
1699,2016-08-26,7
1700,2016-08-27,7
1701,2016-08-28,7
1702,2016-08-29,7
1703,2016-08-30,7
1704,2016-08-31,7
1705,2016-09-01,7
1706,2016-09-02,7
1707,2016-09-03,7
1708,2016-09-04,7
1709,2016-09-05,7
1710,2016-09-06,7
1711,2016-09-07,7
1712,2016-09-08,7
1713,2016-09-09,7
1714,2016-09-10,7
1715,2016-09-11,7
1716,2016-09-12,7
1717,2016-09-13,7
1718,2016-09-14,7
1719,2016-09-15,7
1720,2016-09-16,7
1721,2016-09-17,7
1722,2016-09-18,7
1723,2016-09-19,7
1724,2016-09-20,7
1725,2016-09-21,7
1726,2016-09-22,7
1727,2016-09-23,7
1728,2016-09-24,7
1729,2016-09-25,7
1730,2016-09-26,7
1731,2016-09-27,7
1732,2016-09-28,7
1733,2016-09-29,7
1734,2016-09-30,7
1735,2016-10-01,8
1736,2016-10-02,8
1737,2016-10-03,8
1738,2016-10-04,8
1739,2016-10-05,8
1740,2016-10-06,8
1741,2016-10-07,8
1742,2016-10-08,8
1743,2016-10-09,8
1744,2016-10-10,8
1745,2016-10-11,8
1746,2016-10-12,8
1747,2016-10-13,8
1748,2016-10-14,8
1749,2016-10-15,8
1750,2016-10-16,8
1751,2016-10-17,8
1752,2016-10-18,8
1753,2016-10-19,8
1754,2016-10-20,8
1755,2016-10-21,8
1756,2016-10-22,8
1757,2016-10-23,8
1758,2016-10-24,8
1759,2016-10-25,8
1760,2016-10-26,8
1761,2016-10-27,8
1762,2016-10-28,8
1763,2016-10-29,8
1764,2016-10-30,8
1765,2016-10-31,8
1766,2016-11-01,8
1767,2016-11-02,8
1768,2016-11-03,8
1769,2016-11-04,8
1770,2016-11-05,8
1771,2016-11-06,8
1772,2016-11-07,8
1773,2016-11-08,8
1774,2016-11-09,8
1775,2016-11-10,8
1776,2016-11-11,8
1777,2016-11-12,8
1778,2016-11-13,8
1779,2016-11-14,8
1780,2016-11-15,8
1781,2016-11-16,8
1782,2016-11-17,8
1783,2016-11-18,8
1784,2016-11-19,8
1785,2016-11-20,8
1786,2016-11-21,8
1787,2016-11-22,8
1788,2016-11-23,8
1789,2016-11-24,8
1790,2016-11-25,8
1791,2016-11-26,8
1792,2016-11-27,8
1793,2016-11-28,8
1794,2016-11-29,8
1795,2016-11-30,8
1796,2016-12-01,8
1797,2016-12-02,8
1798,2016-12-03,8
1799,2016-12-04,8
1800,2016-12-05,8
1801,2016-12-06,8
1802,2016-12-07,8
1803,2016-12-08,8
1804,2016-12-09,8
1805,2016-12-10,8
1806,2016-12-11,8
1807,2016-12-12,8
1808,2016-12-13,8
1809,2016-12-14,8
1810,2016-12-15,8
1811,2016-12-16,8
1812,2016-12-17,8
1813,2016-12-18,8
1814,2016-12-19,8
1815,2016-12-20,8
1816,2016-12-21,8
1817,2016-12-22,8
1818,2016-12-23,8
1819,2016-12-24,8
1820,2016-12-25,8
1821,2016-12-26,8
1822,2016-12-27,8
1823,2016-12-28,8
1824,2016-12-29,8
1825,2016-12-30,8
1826,2016-12-31,8
1827,2017-01-01,9
1828,2017-01-02,9
1829,2017-01-03,9
1830,2017-01-04,9
1831,2017-01-05,9
1832,2017-01-06,9
1833,2017-01-07,9
1834,2017-01-08,9
1835,2017-01-09,9
1836,2017-01-10,9
1837,2017-01-11,9
1838,2017-01-12,9
1839,2017-01-13,9
1840,2017-01-14,9
1841,2017-01-15,9
1842,2017-01-16,9
1843,2017-01-17,9
1844,2017-01-18,9
1845,2017-01-19,9
1846,2017-01-20,9
1847,2017-01-21,9
1848,2017-01-22,9
1849,2017-01-23,9
1850,2017-01-24,9
1851,2017-01-25,9
1852,2017-01-26,9
1853,2017-01-27,9
1854,2017-01-28,9
1855,2017-01-29,9
1856,2017-01-30,9
1857,2017-01-31,9
1858,2017-02-01,9
1859,2017-02-02,9
1860,2017-02-03,9
1861,2017-02-04,9
1862,2017-02-05,9
1863,2017-02-06,9
1864,2017-02-07,9
1865,2017-02-08,9
1866,2017-02-09,9
1867,2017-02-10,9
1868,2017-02-11,9
1869,2017-02-12,9
1870,2017-02-13,9
1871,2017-02-14,9
1872,2017-02-15,9
1873,2017-02-16,9
1874,2017-02-17,9
1875,2017-02-18,9
1876,2017-02-19,9
1877,2017-02-20,9
1878,2017-02-21,9
1879,2017-02-22,9
1880,2017-02-23,9
1881,2017-02-24,9
1882,2017-02-25,9
1883,2017-02-26,9
1884,2017-02-27,9
1885,2017-02-28,9
1886,2017-03-01,9
1887,2017-03-02,9
1888,2017-03-03,9
1889,2017-03-04,9
1890,2017-03-05,9
1891,2017-03-06,9
1892,2017-03-07,9
1893,2017-03-08,9
1894,2017-03-09,9
1895,2017-03-10,9
1896,2017-03-11,9
1897,2017-03-12,9
1898,2017-03-13,9
1899,2017-03-14,9
1900,2017-03-15,9
1901,2017-03-16,9
1902,2017-03-17,9
1903,2017-03-18,9
1904,2017-03-19,9
1905,2017-03-20,9
1906,2017-03-21,9
1907,2017-03-22,9
1908,2017-03-23,9
1909,2017-03-24,9
1910,2017-03-25,9
1911,2017-03-26,9
1912,2017-03-27,9
1913,2017-03-28,9
1914,2017-03-29,9
1915,2017-03-30,9
1916,2017-03-31,9
1917,2017-04-01,6
1918,2017-04-02,6
1919,2017-04-03,6
1920,2017-04-04,6
1921,2017-04-05,6
1922,2017-04-06,6
1923,2017-04-07,6
1924,2017-04-08,6
1925,2017-04-09,6
1926,2017-04-10,6
1927,2017-04-11,6
1928,2017-04-12,6
1929,2017-04-13,6
1930,2017-04-14,6
1931,2017-04-15,6
1932,2017-04-16,6
1933,2017-04-17,6
1934,2017-04-18,6
1935,2017-04-19,6
1936,2017-04-20,6
1937,2017-04-21,6
1938,2017-04-22,6
1939,2017-04-23,6
1940,2017-04-24,6
1941,2017-04-25,6
1942,2017-04-26,6
1943,2017-04-27,6
1944,2017-04-28,6
1945,2017-04-29,6
1946,2017-04-30,6
1947,2017-05-01,6
1948,2017-05-02,6
1949,2017-05-03,6
1950,2017-05-04,6
1951,2017-05-05,6
1952,2017-05-06,6
1953,2017-05-07,6
1954,2017-05-08,6
1955,2017-05-09,6
1956,2017-05-10,6
1957,2017-05-11,6
1958,2017-05-12,6
1959,2017-05-13,6
1960,2017-05-14,6
1961,2017-05-15,6
1962,2017-05-16,6
1963,2017-05-17,6
1964,2017-05-18,6
1965,2017-05-19,6
1966,2017-05-20,6
1967,2017-05-21,6
1968,2017-05-22,6
1969,2017-05-23,6
1970,2017-05-24,6
1971,2017-05-25,6
1972,2017-05-26,6
1973,2017-05-27,6
1974,2017-05-28,6
1975,2017-05-29,6
1976,2017-05-30,6
1977,2017-05-31,6
1978,2017-06-01,6
1979,2017-06-02,6
1980,2017-06-03,6
1981,2017-06-04,6
1982,2017-06-05,6
1983,2017-06-06,6
1984,2017-06-07,6
1985,2017-06-08,6
1986,2017-06-09,6
1987,2017-06-10,6
1988,2017-06-11,6
1989,2017-06-12,6
1990,2017-06-13,6
1991,2017-06-14,6
1992,2017-06-15,6
1993,2017-06-16,6
1994,2017-06-17,6
1995,2017-06-18,6
1996,2017-06-19,6
1997,2017-06-20,6
1998,2017-06-21,6
1999,2017-06-22,6
2000,2017-06-23,6
2001,2017-06-24,6
2002,2017-06-25,6
2003,2017-06-26,6
2004,2017-06-27,6
2005,2017-06-28,6
2006,2017-06-29,6
2007,2017-06-30,6
2008,2017-07-01,9
2009,2017-07-02,9
2010,2017-07-03,9
2011,2017-07-04,9
2012,2017-07-05,9
2013,2017-07-06,9
2014,2017-07-07,9
2015,2017-07-08,9
2016,2017-07-09,9
2017,2017-07-10,9
2018,2017-07-11,9
2019,2017-07-12,9
2020,2017-07-13,9
2021,2017-07-14,9
2022,2017-07-15,9
2023,2017-07-16,9
2024,2017-07-17,9
2025,2017-07-18,9
2026,2017-07-19,9
2027,2017-07-20,9
2028,2017-07-21,9
2029,2017-07-22,9
2030,2017-07-23,9
2031,2017-07-24,9
2032,2017-07-25,9
2033,2017-07-26,9
2034,2017-07-27,9
2035,2017-07-28,9
2036,2017-07-29,9
2037,2017-07-30,9
2038,2017-07-31,9
2039,2017-08-01,9
2040,2017-08-02,9
2041,2017-08-03,9
2042,2017-08-04,9
2043,2017-08-05,9
2044,2017-08-06,9
2045,2017-08-07,9
2046,2017-08-08,9
2047,2017-08-09,9
2048,2017-08-10,9
2049,2017-08-11,9
2050,2017-08-12,9
2051,2017-08-13,9
2052,2017-08-14,9
2053,2017-08-15,9
2054,2017-08-16,9
2055,2017-08-17,9
2056,2017-08-18,9
2057,2017-08-19,9
2058,2017-08-20,9
2059,2017-08-21,9
2060,2017-08-22,9
2061,2017-08-23,9
2062,2017-08-24,9
2063,2017-08-25,9
2064,2017-08-26,9
2065,2017-08-27,9
2066,2017-08-28,9
2067,2017-08-29,9
2068,2017-08-30,9
2069,2017-08-31,9
2070,2017-09-01,9
2071,2017-09-02,9
2072,2017-09-03,9
2073,2017-09-04,9
2074,2017-09-05,9
2075,2017-09-06,9
2076,2017-09-07,9
2077,2017-09-08,9
2078,2017-09-09,9
2079,2017-09-10,9
2080,2017-09-11,9
2081,2017-09-12,9
2082,2017-09-13,9
2083,2017-09-14,9
2084,2017-09-15,9
2085,2017-09-16,9
2086,2017-09-17,9
2087,2017-09-18,9
2088,2017-09-19,9
2089,2017-09-20,9
2090,2017-09-21,9
2091,2017-09-22,9
2092,2017-09-23,9
2093,2017-09-24,9
2094,2017-09-25,9
2095,2017-09-26,9
2096,2017-09-27,9
2097,2017-09-28,9
2098,2017-09-29,9
2099,2017-09-30,9
2100,2017-10-01,8
2101,2017-10-02,8
2102,2017-10-03,8
2103,2017-10-04,8
2104,2017-10-05,8
2105,2017-10-06,8
2106,2017-10-07,8
2107,2017-10-08,8
2108,2017-10-09,8
2109,2017-10-10,8
2110,2017-10-11,8
2111,2017-10-12,8
2112,2017-10-13,8
2113,2017-10-14,8
2114,2017-10-15,8
2115,2017-10-16,8
2116,2017-10-17,8
2117,2017-10-18,8
2118,2017-10-19,8
2119,2017-10-20,8
2120,2017-10-21,8
2121,2017-10-22,8
2122,2017-10-23,8
2123,2017-10-24,8
2124,2017-10-25,8
2125,2017-10-26,8
2126,2017-10-27,8
2127,2017-10-28,8
2128,2017-10-29,8
2129,2017-10-30,8
2130,2017-10-31,8
2131,2017-11-01,8
2132,2017-11-02,8
2133,2017-11-03,8
2134,2017-11-04,8
2135,2017-11-05,8
2136,2017-11-06,8
2137,2017-11-07,8
2138,2017-11-08,8
2139,2017-11-09,8
2140,2017-11-10,8
2141,2017-11-11,8
2142,2017-11-12,8
2143,2017-11-13,8
2144,2017-11-14,8
2145,2017-11-15,8
2146,2017-11-16,8
2147,2017-11-17,8
2148,2017-11-18,8
2149,2017-11-19,8
2150,2017-11-20,8
2151,2017-11-21,8
2152,2017-11-22,8
2153,2017-11-23,8
2154,2017-11-24,8
2155,2017-11-25,8
2156,2017-11-26,8
2157,2017-11-27,8
2158,2017-11-28,8
2159,2017-11-29,8
2160,2017-11-30,8
2161,2017-12-01,8
2162,2017-12-02,8
2163,2017-12-03,8
2164,2017-12-04,8
2165,2017-12-05,8
2166,2017-12-06,8
2167,2017-12-07,8
2168,2017-12-08,8
2169,2017-12-09,8
2170,2017-12-10,8
2171,2017-12-11,8
2172,2017-12-12,8
2173,2017-12-13,8
2174,2017-12-14,8
2175,2017-12-15,8
2176,2017-12-16,8
2177,2017-12-17,8
2178,2017-12-18,8
2179,2017-12-19,8
2180,2017-12-20,8
2181,2017-12-21,8
2182,2017-12-22,8
2183,2017-12-23,8
2184,2017-12-24,8
2185,2017-12-25,8
2186,2017-12-26,8
2187,2017-12-27,8
2188,2017-12-28,8
2189,2017-12-29,8
2190,2017-12-30,8
2191,2017-12-31,8
2192,2018-01-01,6
2193,2018-01-02,6
2194,2018-01-03,6
2195,2018-01-04,6
2196,2018-01-05,6
2197,2018-01-06,6
2198,2018-01-07,6
2199,2018-01-08,6
2200,2018-01-09,6
2201,2018-01-10,6
2202,2018-01-11,6
2203,2018-01-12,6
2204,2018-01-13,6
2205,2018-01-14,6
2206,2018-01-15,6
2207,2018-01-16,6
2208,2018-01-17,6
2209,2018-01-18,6
2210,2018-01-19,6
2211,2018-01-20,6
2212,2018-01-21,6
2213,2018-01-22,6
2214,2018-01-23,6
2215,2018-01-24,6
2216,2018-01-25,6
2217,2018-01-26,6
2218,2018-01-27,6
2219,2018-01-28,6
2220,2018-01-29,6
2221,2018-01-30,6
2222,2018-01-31,6
2223,2018-02-01,6
2224,2018-02-02,6
2225,2018-02-03,6
2226,2018-02-04,6
2227,2018-02-05,6
2228,2018-02-06,6
2229,2018-02-07,6
2230,2018-02-08,6
2231,2018-02-09,6
2232,2018-02-10,6
2233,2018-02-11,6
2234,2018-02-12,6
2235,2018-02-13,6
2236,2018-02-14,6
2237,2018-02-15,6
2238,2018-02-16,6
2239,2018-02-17,6
2240,2018-02-18,6
2241,2018-02-19,6
2242,2018-02-20,6
2243,2018-02-21,6
2244,2018-02-22,6
2245,2018-02-23,6
2246,2018-02-24,6
2247,2018-02-25,6
2248,2018-02-26,6
2249,2018-02-27,6
2250,2018-02-28,6
2251,2018-03-01,6
2252,2018-03-02,6
2253,2018-03-03,6
2254,2018-03-04,6
2255,2018-03-05,6
2256,2018-03-06,6
2257,2018-03-07,6
2258,2018-03-08,6
2259,2018-03-09,6
2260,2018-03-10,6
2261,2018-03-11,6
2262,2018-03-12,6
2263,2018-03-13,6
2264,2018-03-14,6
2265,2018-03-15,6
2266,2018-03-16,6
2267,2018-03-17,6
2268,2018-03-18,6
2269,2018-03-19,6
2270,2018-03-20,6
2271,2018-03-21,6
2272,2018-03-22,6
2273,2018-03-23,6
2274,2018-03-24,6
2275,2018-03-25,6
2276,2018-03-26,6
2277,2018-03-27,6
2278,2018-03-28,6
2279,2018-03-29,6
2280,2018-03-30,6
2281,2018-03-31,6
2282,2018-04-01,7
